Date,DayOfWeek,WkendWkDay,All_Test_Results,Positives_N,Positives_R,Hospitalizations,Deaths,Ggle_Corona,EBoundPeak,WBoundPeak,TrafficPeakTotal,All_Test_Results_NormZ,Positives_N_NormZ,Positives_R_NormZ,Hospitalizations_NormZ,Deaths_NormZ,Ggle_Corona_NormZ,EBoundPeak_NormZ,WBoundPeak_NormZ,TrafficPeakTotal_NormZ
2/1/2020,Saturday,Weekend,0,0,0,1,0,16,4174,2343,6517,0.110838347,0.183516377,0.245839011,0.130497587,0.174857375,0.456497859,0.780825436,0.393871847,0.586927662
2/2/2020,Sunday,Weekend,0,0,0,0,0,10,3261,1767,5028,0.110838347,0.183516377,0.245839011,0.111189895,0.174857375,0.356574527,0.51846998,0.252304138,0.365838194
2/3/2020,Monday,Weekday,0,0,0,0,0,10,6893,7449,14342,0.110838347,0.183516377,0.245839011,0.111189895,0.174857375,0.356574527,0.998385394,0.99944096,0.999253239
2/4/2020,Tuesday,Weekday,0,0,0,0,0,10,7304,7192,14496,0.110838347,0.183516377,0.245839011,0.111189895,0.174857375,0.356574527,0.999468038,0.998969878,0.99938991
2/5/2020,Wednesday,Weekday,0,0,0,0,0,10,7089,6769,13858,0.110838347,0.183516377,0.245839011,0.111189895,0.174857375,0.356574527,0.999037158,0.997357389,0.99861913
2/6/2020,Thursday,Weekday,0,0,0,0,0,10,7191,7077,14268,0.110838347,0.183516377,0.245839011,0.111189895,0.174857375,0.356574527,0.999270878,0.998658687,0.999177991
2/7/2020,Friday,Weekday,0,0,0,0,0,10,6827,6668,13495,0.110838347,0.183516377,0.245839011,0.111189895,0.174857375,0.356574527,0.998088184,0.996729232,0.997854532
2/8/2020,Saturday,Weekend,0,0,0,2,0,10,3828,2572,6400,0.110838347,0.183516377,0.245839011,0.152007919,0.174857375,0.356574527,0.691053798,0.455806922,0.569635451
2/9/2020,Sunday,Weekend,0,0,0,0,0,8,3819,1966,5785,0.110838347,0.183516377,0.245839011,0.111189895,0.174857375,0.325003215,0.688518948,0.29814335,0.477311912
2/10/2020,Monday,Weekday,1,0,0,0,0,8,6973,7231,14204,0.110892305,0.183516377,0.245839011,0.111189895,0.174857375,0.325003215,0.998688939,0.999059345,0.999107349
2/11/2020,Tuesday,Weekday,0,0,0,3,0,8,7192,7894,15086,0.110838347,0.183516377,0.245839011,0.175751666,0.174857375,0.325003215,0.999272885,0.999819101,0.999726911
2/12/2020,Wednesday,Weekday,0,0,0,1,0,8,6782,6469,13251,0.110838347,0.183516377,0.245839011,0.130497587,0.174857375,0.325003215,0.997857911,0.995085902,0.997143011
2/13/2020,Thursday,Weekday,15,0,0,0,0,8,7009,7058,14067,0.1116497,0.183516377,0.245839011,0.111189895,0.174857375,0.325003215,0.998807697,0.998599687,0.998937008
2/14/2020,Friday,Weekday,0,0,0,0,0,8,6621,6659,13280,0.110838347,0.183516377,0.245839011,0.111189895,0.174857375,0.325003215,0.996813512,0.996667208,0.997237494
2/15/2020,Saturday,Weekend,0,0,0,2,0,8,4166,2268,6434,0.110838347,0.183516377,0.245839011,0.152007919,0.174857375,0.325003215,0.77893434,0.374079979,0.574675868
2/16/2020,Sunday,Weekend,0,0,0,0,0,7,3807,1778,5585,0.110838347,0.183516377,0.245839011,0.111189895,0.174857375,0.309659819,0.685125216,0.254737442,0.447309663
2/17/2020,Monday,Weekday,0,0,0,1,0,7,5345,4921,10266,0.110838347,0.183516377,0.245839011,0.130497587,0.174857375,0.309659819,0.956326844,0.934752293,0.949082674
2/18/2020,Tuesday,Weekday,0,0,0,1,0,7,6943,7481,14424,0.110838347,0.183516377,0.245839011,0.130497587,0.174857375,0.309659819,0.998581818,0.999482996,0.999329176
2/19/2020,Wednesday,Weekday,0,0,0,3,0,7,6482,7048,13530,0.110838347,0.183516377,0.245839011,0.175751666,0.174857375,0.309659819,0.995564823,0.998567691,0.997942215
2/20/2020,Thursday,Weekday,0,0,0,3,0,7,7051,7334,14385,0.110838347,0.183516377,0.245839011,0.175751666,0.174857375,0.309659819,0.998933758,0.999262428,0.999293995
2/21/2020,Friday,Weekday,0,0,0,4,0,7,6776,6903,13679,0.110838347,0.183516377,0.245839011,0.201719564,0.174857375,0.309659819,0.997825377,0.998022377,0.998280248
2/22/2020,Saturday,Weekend,0,0,0,4,0,7,3680,2317,5997,0.110838347,0.183516377,0.245839011,0.201719564,0.174857375,0.309659819,0.648294489,0.386976665,0.50925162
2/23/2020,Sunday,Weekend,0,0,0,2,0,26,3724,1614,5338,0.110838347,0.183516377,0.245839011,0.152007919,0.174857375,0.626029309,0.661235225,0.219767332,0.410686966
2/24/2020,Monday,Weekday,0,0,0,5,0,26,6797,7009,13806,0.110838347,0.183516377,0.245839011,0.229858637,0.174857375,0.626029309,0.997937323,0.998436427,0.998527581
2/25/2020,Tuesday,Weekday,0,0,0,1,0,26,7024,7359,14383,0.110838347,0.183516377,0.245839011,0.130497587,0.174857375,0.626029309,0.998854207,0.999305204,0.999292146
2/26/2020,Wednesday,Weekday,0,0,0,1,2,26,7206,6949,14155,0.110838347,0.183516377,0.245839011,0.130497587,0.350096937,0.626029309,0.999300456,0.998212963,0.999049539
2/27/2020,Thursday,Weekday,0,0,0,10,0,26,7078,6983,14061,0.110838347,0.183516377,0.245839011,0.398048924,0.174857375,0.626029309,0.999008215,0.998342921,0.998928907
2/28/2020,Friday,Weekday,5,4,0.8,8,2,26,7010,7195,14205,0.111108327,0.188534435,1,0.326079364,0.350096937,0.626029309,0.998810851,0.998977028,0.999108495
2/29/2020,Saturday,Weekend,3,2,0.666666667,4,1,26,4154,2657,6811,0.111000279,0.186014916,1,0.201719564,0.25459459,0.626029309,0.776080263,0.479157445,0.629572838
3/1/2020,Sunday,Weekend,12,8,0.666666667,4,3,71,3684,2127,5811,0.11148709,0.193636227,1,0.201719564,0.456198029,0.988062215,0.649478322,0.337791792,0.481225341
3/2/2020,Monday,Weekday,17,8,0.470588235,14,2,71,6713,6856,13569,0.111758201,0.193636227,0.999999952,0.550264298,0.350096937,0.988062215,0.997455717,0.997808756,0.998036078
3/3/2020,Tuesday,Weekday,24,11,0.458333333,11,3,71,6823,6905,13728,0.112138547,0.197517269,0.999999888,0.435567062,0.456198029,0.988062215,0.998068666,0.998031033,0.998379841
3/4/2020,Wednesday,Weekday,159,14,0.088050314,11,2,71,6512,6310,12822,0.11965544,0.201444972,0.66976338,0.435567062,0.350096937,0.988062215,0.995866352,0.993281035,0.995361611
3/5/2020,Thursday,Weekday,104,8,0.076923077,21,4,71,5239,5160,10399,0.116551182,0.193636227,0.616709163,0.788030423,0.565537921,0.988062215,0.9479151,0.953258052,0.9541282
3/6/2020,Friday,Weekday,155,13,0.083870968,15,6,71,4604,4115,8719,0.119427729,0.200130566,0.650166852,0.588042148,0.762729197,0.988062215,0.868252635,0.830263426,0.853500625
3/7/2020,Saturday,Weekend,181,20,0.110497238,11,0,71,2935,1956,4891,0.120913327,0.209439443,0.766247436,0.435567062,0.174857375,0.988062215,0.415324853,0.295751962,0.346548718
3/8/2020,Sunday,Weekend,324,63,0.194444444,14,5,79,3133,1566,4699,0.129316489,0.271938414,0.964143313,0.550264298,0.670055769,0.995387727,0.477733225,0.210079004,0.320180957
3/9/2020,Monday,Weekday,240,43,0.179166667,14,3,79,4426,4466,8892,0.124332601,0.241764307,0.94579737,0.550264298,0.456198029,0.995387727,0.835494151,0.884492249,0.867986897
3/10/2020,Tuesday,Weekday,372,35,0.094086022,21,2,79,4372,4312,8684,0.132225789,0.230223928,0.697249898,0.788030423,0.350096937,0.995387727,0.824592289,0.86243689,0.850444778
3/11/2020,Wednesday,Weekday,628,61,0.097133758,17,2,79,4190,3996,8186,0.148501623,0.268838797,0.710728203,0.660883778,0.350096937,0.995387727,0.784579594,0.808662465,0.802392537
3/12/2020,Thursday,Weekday,585,52,0.088888889,26,4,79,3936,4027,7963,0.145678032,0.255113706,0.673641998,0.899818478,0.565537921,0.995387727,0.720737887,0.81444576,0.778146558
3/13/2020,Friday,Weekday,760,56,0.073684211,13,3,79,3643,3534,7177,0.157396662,0.261168186,0.600791711,0.512024981,0.456198029,0.995387727,0.637277136,0.710120549,0.680464204
3/14/2020,Saturday,Weekend,871,87,0.099885189,16,4,79,2499,1509,4008,0.165142233,0.310459669,0.722648398,0.625020688,0.565537921,0.995387727,0.287111756,0.198906369,0.233229328
3/15/2020,Sunday,Weekend,791,64,0.08091024,13,4,100,2349,1227,3576,0.159535411,0.273494861,0.636034256,0.512024981,0.565537921,0.99977418,0.247759234,0.149078103,0.186340413
3/16/2020,Monday,Weekday,747,65,0.087014726,23,6,100,3097,3309,6406,0.156505402,0.275055705,0.664948267,0.839394097,0.762729197,0.99977418,0.466299507,0.654781603,0.570525786
3/17/2020,Tuesday,Weekday,1088,84,0.077205882,19,7,100,2670,3003,5673,0.180984426,0.305516501,0.618090132,0.728154548,0.83894987,0.99977418,0.335284853,0.574097934,0.460483794
3/18/2020,Wednesday,Weekday,1232,95,0.07711039,14,4,100,2709,2744,5453,0.192005598,0.323807927,0.617623998,0.550264298,0.565537921,0.99977418,0.346701874,0.503131066,0.427661438
3/19/2020,Thursday,Weekday,894,87,0.097315436,27,5,100,2713,2672,5385,0.16677752,0.310459669,0.711522672,0.915697541,0.670055769,0.99977418,0.34788098,0.48328787,0.417606063
3/20/2020,Friday,Weekday,1374,134,0.097525473,23,7,100,2001,2401,4402,0.20326671,0.391886522,0.712439868,0.839394097,0.83894987,0.99977418,0.168704163,0.409370798,0.281159772
3/21/2020,Saturday,Weekend,1321,134,0.101438304,24,4,100,1883,1155,3038,0.199018267,0.391886522,0.72926931,0.861736243,0.565537921,0.99977418,0.146061663,0.137824126,0.136819709
3/22/2020,Sunday,Weekend,1054,90,0.085388994,21,14,76,1619,860,2479,0.178441217,0.315437307,0.657334478,0.788030423,0.998224091,0.993327617,0.103083644,0.097834137,0.09579152
3/23/2020,Monday,Weekday,963,126,0.130841121,43,9,76,2206,2335,4541,0.171745828,0.37756719,0.83815743,0.99822508,0.938248469,0.993327617,0.213106974,0.391746595,0.299136604
3/24/2020,Tuesday,Weekday,1211,145,0.119735756,27,9,76,1993,2218,4211,0.190373241,0.411813368,0.800883858,0.915697541,0.938248469,0.993327617,0.167101297,0.361063911,0.257342666
3/25/2020,Wednesday,Weekday,1499,194,0.129419613,34,9,76,1904,2109,4013,0.213498585,0.502643907,0.833657617,0.979816669,0.938248469,0.993327617,0.149934388,0.333257732,0.233807793
3/26/2020,Thursday,Weekday,1817,202,0.111172262,28,15,76,1667,1770,3437,0.240841273,0.517587008,0.76888615,0.92960867,0.999289834,0.993327617,0.110124597,0.252966549,0.172590622
3/27/2020,Friday,Weekday,1816,210,0.115638767,35,9,76,1680,1680,3360,0.240752405,0.532505441,0.785921001,0.984069873,0.938248469,0.993327617,0.112089554,0.23349863,0.165259763
3/28/2020,Saturday,Weekend,1502,210,0.139813582,40,14,76,1289,804,2093,0.213747782,0.532505441,0.864714021,0.995693839,0.998224091,0.993327617,0.06331221,0.091317168,0.073286757
3/29/2020,Sunday,Weekend,1450,177,0.122068966,38,8,64,1446,706,2152,0.209452388,0.470903608,0.809116136,0.992548068,0.897098942,0.974867073,0.080420748,0.080695972,0.076437297
3/30/2020,Monday,Weekday,1183,180,0.152155537,38,4,64,1608,1642,3250,0.18821007,0.476497169,0.89611183,0.992548068,0.565537921,0.974867073,0.101517187,0.225535322,0.155142061
3/31/2020,Tuesday,Weekday,1275,169,0.13254902,37,5,64,1690,1620,3310,0.195374666,0.456018455,0.843457921,0.990319967,0.670055769,0.974867073,0.113618024,0.220996152,0.160609008
4/1/2020,Wednesday,Weekday,1715,232,0.135276968,38,12,64,1731,1660,3391,0.231869252,0.573234405,0.851684424,0.992548068,0.990993748,0.974867073,0.120039964,0.229288112,0.168186565
4/2/2020,Thursday,Weekday,1585,188,0.118611987,41,11,64,1703,1728,3431,0.220709145,0.491432998,0.796843691,0.996767882,0.981705425,0.974867073,0.115627169,0.243776681,0.172012046
4/3/2020,Friday,Weekday,1670,192,0.11497006,47,13,64,1850,1658,3508,0.227970983,0.498906732,0.783418116,0.999517176,0.995859625,0.974867073,0.140112839,0.228869414,0.179531115
4/4/2020,Saturday,Weekend,1208,179,0.148178808,26,12,64,1456,827,2283,0.190140745,0.474632079,0.886631649,0.899818478,0.990993748,0.974867073,0.081618652,0.09395373,0.083799588
4/5/2020,Sunday,Weekend,955,149,0.156020942,32,16,59,1341,639,1980,0.171164995,0.419119211,0.904762371,0.968387957,0.999735405,0.959279608,0.068633204,0.073990161,0.067531252
4/6/2020,Monday,Weekday,1222,124,0.101472995,24,13,59,1707,1759,3466,0.19122722,0.374012645,0.72941629,0.861736243,0.995859625,0.959279608,0.116250415,0.250542189,0.17540454
4/7/2020,Tuesday,Weekday,1088,113,0.103860294,30,15,59,1673,1727,3400,0.180984426,0.354660953,0.739434236,0.952068309,0.999289834,0.959279608,0.111028408,0.243560093,0.16904249
4/8/2020,Wednesday,Weekday,1691,170,0.100532229,22,10,59,1817,1759,3576,0.229785571,0.457876159,0.725416323,0.814817087,0.965259328,0.959279608,0.134330803,0.250542189,0.186340413
4/9/2020,Thursday,Weekday,1984,168,0.084677419,30,7,59,1763,1778,3541,0.255929641,0.454161711,0.653981514,0.952068309,0.83894987,0.959279608,0.125226935,0.254737442,0.18281587
4/10/2020,Friday,Weekday,1542,152,0.098573281,31,12,59,1877,1736,3613,0.217086567,0.4246171,0.716994754,0.960917168,0.990993748,0.959279608,0.144967625,0.245513123,0.190111797
4/11/2020,Saturday,Weekend,1474,110,0.074626866,24,11,59,1481,887,2368,0.211428534,0.349445258,0.605443016,0.861736243,0.981705425,0.959279608,0.084672214,0.101095384,0.08885392
4/12/2020,Sunday,Weekend,814,104,0.127764128,17,5,45,1395,692,2087,0.16113446,0.339099551,0.82831631,0.660883778,0.670055769,0.87275784,0.074517225,0.079258119,0.072972011
4/13/2020,Monday,Weekday,852,91,0.106807512,16,8,45,1656,1870,3526,0.163799199,0.317104051,0.751533008,0.625020688,0.897098942,0.87275784,0.108481341,0.275559638,0.181318175
4/14/2020,Tuesday,Weekday,1367,97,0.070958303,18,5,45,1749,1947,3696,0.202702513,0.327181603,0.587262873,0.695345031,0.670055769,0.87275784,0.122938692,0.293607278,0.198740969
4/15/2020,Wednesday,Weekday,1732,126,0.072748268,23,5,45,1792,1875,3667,0.233351538,0.37756719,0.596159325,0.839394097,0.670055769,0.87275784,0.130061043,0.276714812,0.195699466
4/16/2020,Thursday,Weekday,1403,166,0.11831789,25,12,45,1869,1880,3749,0.205614065,0.450451268,0.795778329,0.881859864,0.990993748,0.87275784,0.143517508,0.277872354,0.204372693
4/17/2020,Friday,Weekday,1674,119,0.071087216,23,7,45,1924,1891,3815,0.228315996,0.365173619,0.587905154,0.839394097,0.83894987,0.87275784,0.153685803,0.280427235,0.211517009
4/18/2020,Saturday,Weekend,1605,114,0.071028037,20,11,45,1435,892,2327,0.222405793,0.356405649,0.587610338,0.759104075,0.981705425,0.87275784,0.079118448,0.101707915,0.086388309
4/19/2020,Sunday,Weekend,1066,83,0.077861163,20,12,35,1590,757,2347,0.179336238,0.303876565,0.621284143,0.759104075,0.990993748,0.760809564,0.098991411,0.086100672,0.087584579
4/20/2020,Monday,Weekday,865,86,0.099421965,17,6,35,1869,1853,3722,0.164717349,0.30880808,0.720658461,0.660883778,0.762729197,0.760809564,0.143517508,0.271649876,0.20149192
4/21/2020,Tuesday,Weekday,1436,94,0.06545961,22,14,35,1798,1876,3674,0.208304672,0.32212648,0.559671041,0.814817087,0.998224091,0.760809564,0.131077117,0.276946131,0.196431023
4/22/2020,Wednesday,Weekday,1820,113,0.062087912,20,5,35,1834,1934,3768,0.241107985,0.354660953,0.542598741,0.759104075,0.670055769,0.760809564,0.137288641,0.290522178,0.206414522
4/23/2020,Thursday,Weekday,1614,93,0.057620818,13,5,35,1910,2007,3917,0.223171705,0.320448666,0.519863628,0.512024981,0.670055769,0.760809564,0.151053345,0.308038829,0.222841155
4/24/2020,Friday,Weekday,1569,91,0.057998725,13,8,35,2044,1977,4021,0.219357181,0.317104051,0.521790523,0.512024981,0.897098942,0.760809564,0.177488128,0.300784003,0.234734987
4/25/2020,Saturday,Weekend,1579,94,0.059531349,17,10,35,1821,1001,2822,0.220201601,0.32212648,0.529599459,0.660883778,0.965259328,0.760809564,0.135022797,0.115738851,0.119732568
4/26/2020,Sunday,Weekend,1074,93,0.086592179,15,9,22,1513,838,2351,0.179934484,0.320448666,0.662975706,0.588042148,0.938248469,0.559266077,0.088704789,0.095234374,0.087825309
4/27/2020,Monday,Weekday,1437,55,0.038274182,6,6,22,1863,1896,3759,0.208386528,0.259647673,0.42160294,0.260069849,0.762729197,0.559266077,0.142436368,0.281592293,0.205445837
4/28/2020,Tuesday,Weekday,1949,103,0.052847614,16,5,22,1916,2119,4035,0.252727077,0.337386745,0.495500824,0.625020688,0.670055769,0.559266077,0.152177845,0.335773699,0.236362459
4/29/2020,Wednesday,Weekday,1723,99,0.057457922,13,6,22,2040,2076,4116,0.232566144,0.330569458,0.519032901,0.512024981,0.762729197,0.559266077,0.176659042,0.325008647,0.245899397
4/30/2020,Thursday,Weekday,1849,86,0.046511628,6,4,22,2062,2150,4212,0.24369446,0.30880808,0.463202664,0.260069849,0.565537921,0.559266077,0.18124934,0.343619668,0.257464576
5/1/2020,Friday,Weekday,1908,96,0.050314465,9,7,22,2410,2150,4560,0.249002514,0.325492978,0.482572477,0.361451052,0.83894987,0.559266077,0.263408094,0.343619668,0.301633856
5/2/2020,Saturday,Weekend,1381,83,0.060101376,16,4,22,1582,1070,2652,0.203831844,0.303876565,0.532501086,0.625020688,0.565537921,0.559266077,0.097883719,0.125302288,0.107385859
5/3/2020,Sunday,Weekend,1325,89,0.067169811,6,4,19,1761,897,2658,0.199337025,0.31377431,0.568290301,0.260069849,0.565537921,0.507948004,0.124898235,0.102323143,0.107805379
5/4/2020,Monday,Weekday,1358,60,0.044182622,12,7,19,2040,2158,4198,0.201978492,0.26729567,0.451379835,0.47367471,0.83894987,0.507948004,0.176659042,0.345655587,0.255760565
5/5/2020,Tuesday,Weekday,1621,77,0.047501542,10,4,19,2297,2217,4514,0.223768451,0.294120561,0.468238283,0.398048924,0.565537921,0.507948004,0.234821668,0.360805166,0.295604116
5/6/2020,Wednesday,Weekday,2389,116,0.048555881,10,5,19,2197,2347,4544,0.294468123,0.359904039,0.4736072,0.398048924,0.670055769,0.507948004,0.211024936,0.394935663,0.299530283
5/7/2020,Thursday,Weekday,1531,69,0.045068583,7,5,19,2279,2236,4515,0.21616541,0.281342608,0.455872771,0.292207339,0.670055769,0.507948004,0.230431852,0.365732094,0.295734607
5/8/2020,Friday,Weekday,2123,83,0.039095619,10,6,19,2563,2278,4841,0.268854352,0.303876565,0.425720007,0.398048924,0.762729197,0.507948004,0.304758333,0.376701063,0.339603627
5/9/2020,Saturday,Weekend,1607,79,0.049159925,8,4,19,2033,1378,3411,0.222575866,0.297356464,0.476685345,0.326079364,0.565537921,0.507948004,0.175214044,0.174622494,0.170092413
5/10/2020,Sunday,Weekend,875,56,0.064,12,10,18,2126,1079,3205,0.165425883,0.261168186,0.552292143,0.47367471,0.965259328,0.490770273,0.195022577,0.126589232,0.151123427
5/11/2020,Monday,Weekday,1473,58,0.039375424,10,2,18,2369,2378,4747,0.211345977,0.264222882,0.427124272,0.398048924,0.350096937,0.490770273,0.252834709,0.403206238,0.326694761
5/12/2020,Tuesday,Weekday,1318,42,0.031866464,9,3,18,2232,2476,4708,0.1987794,0.240304802,0.38981435,0.361451052,0.456198029,0.490770273,0.219188642,0.429621073,0.32139816
5/13/2020,Wednesday,Weekday,1784,73,0.040919283,7,1,18,2427,2422,4849,0.237918063,0.287698062,0.434888623,0.292207339,0.25459459,0.490770273,0.267857458,0.41501899,0.340711264
5/14/2020,Thursday,Weekday,1913,80,0.041819132,9,3,18,2404,2339,4743,0.24945516,0.298980491,0.439425945,0.361451052,0.456198029,0.490770273,0.261846788,0.392808822,0.326149886
5/15/2020,Friday,Weekday,1775,102,0.057464789,5,1,18,2838,2225,5063,0.237124213,0.335677302,0.51906792,0.229858637,0.25459459,0.490770273,0.385416842,0.362876902,0.370823381
5/16/2020,Saturday,Weekend,1373,51,0.037144938,5,4,18,1848,1268,3116,0.203186053,0.253611639,0.415957183,0.229858637,0.565537921,0.490770273,0.139757671,0.155753595,0.143381106
5/17/2020,Sunday,Weekend,1422,36,0.025316456,3,4,16,1887,971,2858,0.207160674,0.231649411,0.358066228,0.175751666,0.565537921,0.456497859,0.146794096,0.111746766,0.122470769
5/18/2020,Monday,Weekday,1588,44,0.027707809,9,1,16,2356,2342,4698,0.220963169,0.243228609,0.369556939,0.361451052,0.25459459,0.456497859,0.249529439,0.393606016,0.320045832
5/19/2020,Tuesday,Weekday,1503,46,0.030605456,9,4,16,2552,2555,5107,0.213830886,0.24617154,0.383637259,0.361451052,0.565537921,0.456497859,0.301691185,0.451152486,0.377121277
5/20/2020,Wednesday,Weekday,1407,26,0.018479033,10,3,16,2674,2533,5207,0.205939096,0.217617598,0.325944147,0.398048924,0.456198029,0.456497859,0.336449072,0.445139145,0.39155437
5/21/2020,Thursday,Weekday,1821,79,0.043382757,5,3,16,2574,2574,5148,0.241196925,0.297356464,0.447328842,0.229858637,0.456198029,0.456497859,0.307839265,0.456354914,0.383019377
5/22/2020,Friday,Weekday,1383,73,0.052783803,10,2,16,2765,2409,5174,0.203993482,0.287698062,0.49517504,0.398048924,0.350096937,0.456497859,0.363339626,0.41152034,0.386773836
5/23/2020,Saturday,Weekend,1164,43,0.036941581,8,4,16,2125,1295,3420,0.186750877,0.241764307,0.414942284,0.326079364,0.565537921,0.456497859,0.194802593,0.160255678,0.170954542
5/24/2020,Sunday,Weekend,1090,22,0.020183486,7,3,13,2114,1073,3187,0.181134731,0.212145197,0.333842911,0.292207339,0.456198029,0.405767826,0.192392734,0.125730251,0.149535541
5/25/2020,Monday,Weekday,881,16,0.01816118,7,3,13,1732,963,2695,0.165851948,0.204089253,0.324479623,0.292207339,0.456198029,0.405767826,0.12019973,0.110699044,0.110418517
5/26/2020,Tuesday,Weekday,1756,43,0.024487472,3,1,13,2688,2649,5337,0.235453098,0.241764307,0.35411208,0.175751666,0.25459459,0.405767826,0.340536137,0.476955439,0.410540044
5/27/2020,Wednesday,Weekday,2065,63,0.030508475,7,6,13,2797,2772,5569,0.263421703,0.271938414,0.383163394,0.292207339,0.762729197,0.405767826,0.37296641,0.510848474,0.444920168
5/28/2020,Thursday,Weekday,1421,44,0.03096411,3,1,13,2807,2619,5426,0.207079103,0.243228609,0.385391206,0.175751666,0.25459459,0.405767826,0.375991449,0.468704725,0.423662853
5/29/2020,Friday,Weekday,1389,54,0.03887689,9,3,13,3127,2505,5632,0.204478856,0.258131742,0.424622917,0.361451052,0.456198029,0.405767826,0.475826076,0.437504201,0.454339555
5/30/2020,Saturday,Weekend,1878,92,0.048988285,3,1,13,1870,2037,3907,0.246295842,0.318774513,0.475810537,0.175751666,0.25459459,0.405767826,0.143698235,0.315369455,0.221715899
5/31/2020,Sunday,Weekend,1534,29,0.018904824,6,2,10,1562,1566,3128,0.21641641,0.221774825,0.327910212,0.260069849,0.350096937,0.356574527,0.095154288,0.210079004,0.144409102
6/1/2020,Monday,Weekday,1350,31,0.022962963,6,2,10,1649,2665,4314,0.20133622,0.224571331,0.346881551,0.260069849,0.350096937,0.356574527,0.107444861,0.481360088,0.270055183
6/2/2020,Tuesday,Weekday,1617,50,0.030921459,2,2,10,1864,2621,4485,0.223427342,0.252114229,0.385182507,0.152007919,0.350096937,0.356574527,0.142616175,0.469254394,0.291831467
6/3/2020,Wednesday,Weekday,1652,46,0.027845036,3,1,10,1687,2677,4364,0.226422059,0.24617154,0.370219997,0.175751666,0.25459459,0.356574527,0.113157931,0.484665099,0.276337637
6/4/2020,Thursday,Weekday,2183,62,0.028401283,2,3,10,2502,2708,5210,0.274532929,0.270386386,0.372911601,0.152007919,0.456198029,0.356574527,0.287928032,0.493207367,0.391989789
6/5/2020,Friday,Weekday,2079,66,0.031746032,6,1,10,2607,2618,5225,0.264727884,0.276620924,0.389223177,0.260069849,0.25459459,0.356574527,0.317162987,0.468429913,0.394168905
6/6/2020,Saturday,Weekend,1637,26,0.015882712,3,1,10,2000,1582,3582,0.225135842,0.217617598,0.314061928,0.175751666,0.25459459,0.356574527,0.168503266,0.213280233,0.18694882
6/7/2020,Sunday,Weekend,1941,34,0.017516744,5,3,10,1916,982,2898,0.251998037,0.228803364,0.321518684,0.229858637,0.456198029,0.356574527,0.152177845,0.113198938,0.125564412
6/8/2020,Monday,Weekday,1700,26,0.015294118,5,2,10,2615,2747,5362,0.23056572,0.217617598,0.311394211,0.229858637,0.350096937,0.356574527,0.319441174,0.503958038,0.414216793
6/9/2020,Tuesday,Weekday,2679,34,0.012691303,3,1,10,2653,2801,5454,0.32361044,0.228803364,0.299717173,0.175751666,0.25459459,0.356574527,0.330354666,0.518837187,0.427809679
6/10/2020,Wednesday,Weekday,3025,44,0.014545455,7,0,10,2892,3015,5907,0.359836844,0.243228609,0.308015279,0.292207339,0.174857375,0.356574527,0.401994903,0.577346175,0.495687673
6/11/2020,Thursday,Weekday,3167,57,0.017998105,2,5,10,3073,2856,5929,0.375100216,0.262693263,0.323729297,0.152007919,0.670055769,0.356574527,0.458691868,0.533964814,0.499003445
6/12/2020,Friday,Weekday,2395,43,0.017954071,0,3,10,2938,2630,5568,0.29505864,0.241764307,0.323526812,0.111189895,0.456198029,0.356574527,0.416258688,0.471728615,0.44477089
6/13/2020,Saturday,Weekend,2552,44,0.017241379,3,1,10,2339,1432,3771,0.310700419,0.243228609,0.320256925,0.175751666,0.25459459,0.356574527,0.245242048,0.184395348,0.206738018
6/14/2020,Sunday,Weekend,2788,49,0.017575323,3,1,10,2381,1180,3561,0.334863349,0.250621497,0.321787367,0.175751666,0.25459459,0.356574527,0.255906062,0.141664191,0.18482477
6/15/2020,Monday,Weekday,2603,56,0.021513638,7,0,10,2842,2775,5617,0.315857963,0.261168186,0.340058881,0.292207339,0.174857375,0.356574527,0.386638099,0.511675149,0.452094311
6/16/2020,Tuesday,Weekday,3049,50,0.016398819,4,1,10,3118,2990,6108,0.362401691,0.252114229,0.316409135,0.201719564,0.25459459,0.356574527,0.472966404,0.570573331,0.525964087
6/17/2020,Wednesday,Weekday,3580,82,0.022905028,4,0,10,3261,2903,6164,0.42053496,0.302240567,0.34660785,0.201719564,0.174857375,0.356574527,0.51846998,0.546854124,0.534380135
6/18/2020,Thursday,Weekday,3719,94,0.025275612,3,1,10,3299,2892,6191,0.436101314,0.32212648,0.357871047,0.175751666,0.25459459,0.356574527,0.530545797,0.543841391,0.538432618
6/19/2020,Friday,Weekday,2948,74,0.025101764,5,0,10,3252,2922,6174,0.351650983,0.289297462,0.357040694,0.229858637,0.174857375,0.356574527,0.515607019,0.552051491,0.535881493
6/20/2020,Saturday,Weekend,2966,68,0.0229265,6,1,10,2576,1136,3712,0.353558576,0.279764398,0.346709282,0.260069849,0.25459459,0.356574527,0.308400902,0.1349536,0.200431172
6/21/2020,Sunday,Weekend,2796,70,0.025035765,4,2,13,2518,1198,3716,0.335695279,0.282925102,0.356725641,0.201719564,0.350096937,0.405767826,0.292299903,0.144473507,0.200855068
6/22/2020,Monday,Weekday,1894,62,0.032734952,6,0,13,2733,2871,5604,0.247737434,0.270386386,0.394085015,0.260069849,0.174857375,0.405767826,0.353798395,0.538082951,0.450149668
6/23/2020,Tuesday,Weekday,3267,119,0.036424855,9,3,13,3222,2964,6186,0.385969328,0.365173619,0.412366019,0.361451052,0.456198029,0.405767826,0.506058832,0.563507495,0.537682447
6/24/2020,Wednesday,Weekday,3446,111,0.032211259,6,0,13,2953,3014,5967,0.40564501,0.351180725,0.39150827,0.260069849,0.174857375,0.405767826,0.420934853,0.577075686,0.504730718
6/25/2020,Thursday,Weekday,3185,102,0.032025118,10,2,13,2990,3001,5991,0.377049633,0.335677302,0.39059353,0.398048924,0.350096937,0.405767826,0.432515849,0.573556065,0.508347516
6/26/2020,Friday,Weekday,3433,177,0.051558404,4,1,13,3256,3051,6307,0.404207336,0.470903608,0.488919679,0.201719564,0.25459459,0.405767826,0.516879554,0.587058537,0.555792731
6/27/2020,Saturday,Weekend,3709,110,0.02965759,11,1,13,2371,1549,3920,0.434977821,0.349445258,0.379013403,0.435567062,0.25459459,0.405767826,0.25334525,0.206708826,0.223179366
6/28/2020,Sunday,Weekend,2813,116,0.041237113,11,0,13,2324,1074,3398,0.337465802,0.359904039,0.436490278,0.435567062,0.174857375,0.405767826,0.241492196,0.125873131,0.168852043
6/29/2020,Monday,Weekday,2346,105,0.044757033,5,0,13,3378,2973,6351,0.290252136,0.340815689,0.454292151,0.229858637,0.174857375,0.405767826,0.555548419,0.565955774,0.562351527
6/30/2020,Tuesday,Weekday,4221,203,0.048092869,4,0,13,3318,3524,6842,0.492972954,0.519453591,0.471248795,0.201719564,0.174857375,0.405767826,0.536573881,0.707751184,0.63398786
7/1/2020,Wednesday,Weekday,4124,205,0.04970902,3,2,13,3338,3042,6380,0.481936424,0.523185435,0.479484688,0.175751666,0.350096937,0.405767826,0.542910147,0.584635193,0.566665136
7/2/2020,Thursday,Weekday,4571,156,0.0341282,5,2,13,3240,2933,6173,0.532779128,0.431970312,0.400962581,0.229858637,0.350096937,0.405767826,0.511788511,0.555056471,0.53573138
7/3/2020,Friday,Weekday,4389,188,0.042834359,7,3,13,2610,1833,4443,0.51209562,0.491432998,0.444554572,0.292207339,0.456198029,0.405767826,0.318016501,0.267085794,0.286407754
7/4/2020,Saturday,Weekend,4894,175,0.035758071,5,0,13,1824,1033,2857,0.569234714,0.467177685,0.409047193,0.229858637,0.174857375,0.405767826,0.135543394,0.120107597,0.12239412
7/5/2020,Sunday,Weekend,2082,89,0.042747358,5,1,14,1954,1112,3066,0.265008207,0.31377431,0.444114696,0.229858637,0.25459459,0.422546234,0.159428475,0.131386662,0.139151063
7/6/2020,Monday,Weekday,2025,73,0.036049383,9,2,14,2722,3010,5732,0.259707974,0.287698062,0.410496371,0.361451052,0.350096937,0.422546234,0.350539337,0.575993367,0.469341712
7/7/2020,Tuesday,Weekday,4152,153,0.036849711,12,2,14,3636,3248,6884,0.485121179,0.42645305,0.414483974,0.47367471,0.350096937,0.422546234,0.635179596,0.639121465,0.639941212
7/8/2020,Wednesday,Weekday,5157,176,0.034128369,9,2,14,3431,3131,6562,0.598502717,0.469040307,0.40096342,0.361451052,0.350096937,0.422546234,0.572205423,0.608443569,0.593535774
7/9/2020,Thursday,Weekday,5233,169,0.032295051,6,5,14,3636,3026,6662,0.606866066,0.456018455,0.391920234,0.260069849,0.670055769,0.422546234,0.635179596,0.580319122,0.608122869
7/10/2020,Friday,Weekday,2864,155,0.054120112,7,1,14,3484,2906,6390,0.342798867,0.430129695,0.501997863,0.292207339,0.25459459,0.422546234,0.588734711,0.547675318,0.568150775
7/11/2020,Saturday,Weekend,3231,164,0.050758279,11,0,14,2585,1680,4265,0.382045626,0.44674515,0.484836616,0.435567062,0.174857375,0.422546234,0.310933805,0.23349863,0.263968499
7/12/2020,Sunday,Weekend,4066,145,0.035661584,9,0,13,2433,1123,3556,0.475343328,0.411813368,0.408567474,0.361451052,0.174857375,0.405767826,0.269436811,0.133013347,0.184321263
7/13/2020,Monday,Weekday,4075,142,0.034846626,9,1,13,3238,3074,6312,0.476365998,0.406353832,0.404521168,0.361451052,0.25459459,0.405767826,0.511151978,0.593236268,0.556538853
7/14/2020,Tuesday,Weekday,4704,170,0.036139456,15,2,13,3379,3393,6772,0.547841382,0.457876159,0.410944702,0.588042148,0.350096937,0.405767826,0.555863708,0.675915098,0.623994186
7/15/2020,Wednesday,Weekday,5329,203,0.038093451,7,1,13,3725,3189,6914,0.617359755,0.519453591,0.420698241,0.292207339,0.25459459,0.405767826,0.661527202,0.623749232,0.644173019
7/16/2020,Thursday,Weekday,5153,202,0.039200466,6,0,13,3496,3022,6518,0.598061252,0.517587008,0.426246093,0.260069849,0.174857375,0.405767826,0.592456523,0.579238571,0.587074784
7/17/2020,Friday,Weekday,5021,205,0.04082852,9,0,13,3425,2891,6316,0.583425938,0.523185435,0.434431437,0.361451052,0.174857375,0.405767826,0.570325601,0.543567379,0.557135607
7/18/2020,Saturday,Weekend,5093,165,0.032397408,8,2,13,2543,1545,4088,0.591424556,0.448597648,0.392423646,0.326079364,0.350096937,0.405767826,0.299192074,0.20592052,0.24257951
7/19/2020,Sunday,Weekend,4976,167,0.033561093,10,2,11,2401,1258,3659,0.578408978,0.452305969,0.398159305,0.398048924,0.350096937,0.372753817,0.261067918,0.154107529,0.194865429
7/20/2020,Monday,Weekday,4597,182,0.039591038,7,2,11,3268,3107,6375,0.535728008,0.480228853,0.428207009,0.292207339,0.350096937,0.372753817,0.520696077,0.602059223,0.565921962
7/21/2020,Tuesday,Weekday,4365,165,0.037800687,9,1,11,3533,3068,6601,0.509364488,0.448597648,0.419233626,0.361451052,0.25459459,0.372753817,0.603878292,0.591626855,0.599241407
7/22/2020,Wednesday,Weekday,5355,221,0.041269841,9,2,11,3352,3200,6552,0.620187385,0.55293973,0.436655264,0.361451052,0.350096937,0.372753817,0.547339148,0.626631018,0.592069534
7/23/2020,Thursday,Weekday,5092,234,0.045954438,4,1,11,3544,3121,6665,0.591313716,0.576905225,0.460370822,0.201719564,0.25459459,0.372753817,0.607257305,0.605786865,0.608558254
7/24/2020,Friday,Weekday,5545,179,0.032281335,8,1,11,3492,2986,6478,0.640647347,0.474632079,0.39185279,0.326079364,0.25459459,0.372753817,0.591216828,0.569487691,0.581180569
7/25/2020,Saturday,Weekend,4749,205,0.043166983,6,1,11,1696,1465,3161,0.552923177,0.523185435,0.446236955,0.260069849,0.25459459,0.372753817,0.114542207,0.190531885,0.147261651
7/26/2020,Sunday,Weekend,4814,135,0.028043207,10,2,9,1584,1009,2593,0.560248018,0.393687227,0.3711782,0.398048924,0.350096937,0.340649311,0.098159787,0.116820308,0.103323147
7/27/2020,Monday,Weekday,2929,122,0.041652441,11,1,9,3176,3076,6252,0.349641459,0.370468781,0.438584817,0.435567062,0.25459459,0.340649311,0.491413424,0.593772391,0.547572907
7/28/2020,Tuesday,Weekday,4048,144,0.035573123,9,2,9,3339,3118,6457,0.473298482,0.409991569,0.408127779,0.361451052,0.350096937,0.340649311,0.543226687,0.604988887,0.578078706
7/29/2020,Wednesday,Weekday,5296,201,0.037953172,11,3,9,3540,3265,6805,0.613761828,0.515720041,0.419996328,0.435567062,0.456198029,0.340649311,0.606029494,0.643510612,0.628716322
7/30/2020,Thursday,Weekday,5588,220,0.039370079,12,2,9,3552,3216,6768,0.645224715,0.551087038,0.427097436,0.47367471,0.350096937,0.340649311,0.609709718,0.630810054,0.623420526
7/31/2020,Friday,Weekday,4644,131,0.028208441,12,5,9,3583,3064,6647,0.541053588,0.386498431,0.371977755,0.47367471,0.670055769,0.340649311,0.619170825,0.590553052,0.605943927
8/1/2020,Saturday,Weekend,4390,139,0.03166287,10,3,9,2319,759,3078,0.512209406,0.400912442,0.388815106,0.398048924,0.456198029,0.340649311,0.240249201,0.086318009,0.140158443
8/2/2020,Sunday,Weekend,4255,96,0.022561692,6,1,10,2452,1183,3635,0.496843136,0.325492978,0.344987484,0.260069849,0.25459459,0.356574527,0.274468695,0.142129822,0.192376319
8/3/2020,Monday,Weekday,3529,125,0.035420799,8,3,10,3341,3005,6346,0.414853247,0.3757886,0.40737093,0.326079364,0.456198029,0.356574527,0.543859686,0.574639663,0.561607036
8/4/2020,Tuesday,Weekday,4536,112,0.024691358,13,6,10,3463,3244,6707,0.528806669,0.352919301,0.355083154,0.512024981,0.762729197,0.356574527,0.582202476,0.638086031,0.614639123
8/5/2020,Wednesday,Weekday,6945,199,0.028653708,6,3,10,3571,3303,6874,0.776277387,0.511985112,0.374135112,0.260069849,0.456198029,0.356574527,0.615516563,0.653252442,0.63852676
8/6/2020,Thursday,Weekday,4579,119,0.025988207,10,1,10,3295,3189,6484,0.533686675,0.365173619,0.361281625,0.398048924,0.25459459,0.356574527,0.529275787,0.623749232,0.582065898
8/7/2020,Friday,Weekday,5362,206,0.038418501,8,7,10,3748,2987,6735,0.620947581,0.525050615,0.42232566,0.326079364,0.83894987,0.356574527,0.668215578,0.569759151,0.618677536
8/8/2020,Saturday,Weekend,4451,148,0.033250955,7,2,10,2808,1656,4464,0.519148109,0.417290029,0.396628463,0.292207339,0.350096937,0.356574527,0.376294376,0.228451146,0.28911363
8/9/2020,Sunday,Weekend,4524,121,0.026746242,5,2,7,2471,1355,3826,0.527444002,0.368700941,0.36492182,0.229858637,0.350096937,0.309659819,0.279546519,0.170561747,0.212721787
8/10/2020,Monday,Weekday,3152,81,0.02569797,11,2,7,3351,3258,6609,0.373478134,0.300608534,0.359891159,0.435567062,0.350096937,0.309659819,0.54702298,0.641705578,0.600409224
8/11/2020,Tuesday,Weekday,4784,136,0.028428094,6,0,7,3343,3178,6521,0.556869729,0.395490208,0.373041494,0.260069849,0.174857375,0.309659819,0.544492574,0.620860531,0.587516078
8/12/2020,Wednesday,Weekday,7137,192,0.02690206,7,4,7,3557,3211,6768,0.792311696,0.498906732,0.365671602,0.292207339,0.565537921,0.309659819,0.611240269,0.629505738,0.623420526
8/13/2020,Thursday,Weekday,5689,140,0.024608894,10,2,7,3586,3238,6824,0.655893084,0.40272416,0.354690281,0.398048924,0.350096937,0.309659819,0.620082746,0.636530985,0.631426416
8/14/2020,Friday,Weekday,6411,191,0.029792544,11,4,7,3706,3007,6713,0.728175293,0.49703816,0.379670696,0.435567062,0.565537921,0.309659819,0.655963212,0.575181252,0.615505561
8/15/2020,Saturday,Weekend,5066,112,0.022108172,8,2,7,2784,1909,4693,0.588429345,0.352919301,0.342851461,0.326079364,0.350096937,0.309659819,0.369045564,0.284632321,0.319370562
8/16/2020,Sunday,Weekend,4509,118,0.026169882,7,2,6,2461,1389,3850,0.52574022,0.363414204,0.362152927,0.292207339,0.350096937,0.294641138,0.276868299,0.176586113,0.215364256
8/17/2020,Monday,Weekday,2682,108,0.040268456,9,2,6,3342,3181,6523,0.323918064,0.345983782,0.431612255,0.361451052,0.350096937,0.294641138,0.544176144,0.621649036,0.587810212
8/18/2020,Tuesday,Weekday,4922,106,0.021535961,9,4,6,3463,3239,6702,0.572371853,0.342535128,0.340163576,0.361451052,0.565537921,0.294641138,0.582202476,0.636790316,0.613916653
8/19/2020,Wednesday,Weekday,6336,169,0.02667298,12,2,6,3581,3365,6946,0.721029423,0.456018455,0.364569465,0.47367471,0.350096937,0.294641138,0.618562509,0.66892919,0.648667435
8/20/2020,Thursday,Weekday,6862,142,0.020693675,10,0,6,3736,3001,6737,0.769133729,0.406353832,0.336221819,0.398048924,0.174857375,0.294641138,0.664732511,0.573556065,0.618965506
8/21/2020,Friday,Weekday,5138,139,0.027053328,6,1,6,3419,3003,6422,0.596404646,0.400912442,0.366399986,0.260069849,0.25459459,0.294641138,0.568444182,0.574097934,0.572898246
8/22/2020,Saturday,Weekend,5041,110,0.021821067,3,2,6,3300,2037,5337,0.585651394,0.349445258,0.34150182,0.175751666,0.350096937,0.294641138,0.530863251,0.315369455,0.410540044
8/23/2020,Sunday,Weekend,3873,106,0.027368965,8,0,5,3133,1566,4699,0.45346281,0.342535128,0.367921377,0.326079364,0.174857375,0.27996753,0.477733225,0.210079004,0.320180957
8/24/2020,Monday,Weekday,1832,44,0.024017467,10,0,5,3160,3086,6246,0.242176437,0.243228609,0.351877156,0.398048924,0.174857375,0.27996753,0.486321076,0.596450349,0.5466749
8/25/2020,Tuesday,Weekday,4749,108,0.02274163,5,2,5,3498,3321,6819,0.552923177,0.345983782,0.345836344,0.229858637,0.350096937,0.27996753,0.593076025,0.657832333,0.63071386
8/26/2020,Wednesday,Weekday,5724,131,0.022886094,2,4,5,3851,3312,7163,0.6595618,0.386498431,0.346518416,0.152007919,0.565537921,0.27996753,0.697490326,0.655545238,0.678571537
8/27/2020,Thursday,Weekday,6521,188,0.028829934,4,0,5,3680,3282,6962,0.738488428,0.491432998,0.374990039,0.201719564,0.174857375,0.27996753,0.648294489,0.647880834,0.650906918
8/28/2020,Friday,Weekday,5021,131,0.02609042,2,1,5,3794,3086,6880,0.583425938,0.386498431,0.361771744,0.152007919,0.25459459,0.27996753,0.681430959,0.596450349,0.63937566
8/29/2020,Saturday,Weekend,4127,111,0.02689605,1,0,5,2864,1589,4453,0.482277596,0.351180725,0.365642676,0.130497587,0.174857375,0.27996753,0.393374793,0.214689666,0.287694767
8/30/2020,Sunday,Weekend,3982,74,0.018583626,3,1,5,2654,1203,3857,0.465807139,0.289297462,0.326426654,0.175751666,0.25459459,0.27996753,0.330643874,0.145260489,0.216138549
8/31/2020,Monday,Weekday,2488,36,0.014469453,9,3,5,3464,3081,6545,0.304280561,0.231649411,0.307673165,0.361451052,0.456198029,0.27996753,0.582514065,0.595111927,0.591042397
9/1/2020,Tuesday,Weekday,5840,90,0.015410959,8,0,5,3456,3279,6735,0.671611806,0.315437307,0.311922995,0.326079364,0.174857375,0.27996753,0.58001992,0.647111016,0.618677536
9/2/2020,Wednesday,Weekday,7594,130,0.017118778,10,2,5,3699,3328,7027,0.827638377,0.384707196,0.319695815,0.398048924,0.350096937,0.27996753,0.653904699,0.659607196,0.659950178
9/3/2020,Thursday,Weekday,6029,144,0.023884558,6,2,5,3629,3237,6866,0.690863541,0.409991569,0.35124608,0.260069849,0.350096937,0.27996753,0.633078002,0.636271591,0.637393832
9/4/2020,Friday,Weekday,5086,98,0.01926858,6,0,5,3637,3103,6740,0.590648525,0.328873773,0.329593626,0.260069849,0.174857375,0.27996753,0.635479494,0.600992452,0.619397337
9/5/2020,Saturday,Weekend,4763,97,0.020365316,6,3,5,2711,1614,4325,0.554502449,0.327181603,0.334689987,0.260069849,0.456198029,0.27996753,0.347291242,0.219767332,0.271431169
9/6/2020,Sunday,Weekend,3535,71,0.020084866,5,1,5,2621,1350,3971,0.415520784,0.284511859,0.333383829,0.229858637,0.25459459,0.27996753,0.321154305,0.16968704,0.22897347
9/7/2020,Monday,Weekday,1831,33,0.018022938,2,1,5,2589,1373,3962,0.242087301,0.227387735,0.32384351,0.152007919,0.25459459,0.27996753,0.312062431,0.173734541,0.227944889
9/8/2020,Tuesday,Weekday,2497,57,0.022827393,3,0,5,3934,3389,7323,0.305179779,0.262693263,0.346241206,0.175751666,0.174857375,0.27996753,0.720201003,0.674920823,0.699915036
9/9/2020,Wednesday,Weekday,6389,131,0.020503991,5,0,5,3554,3345,6899,0.726088643,0.386498431,0.335336588,0.229858637,0.174857375,0.27996753,0.610322144,0.66390282,0.642059298
9/10/2020,Thursday,Weekday,5671,117,0.020631282,4,0,5,3692,3444,7136,0.65400056,0.361657666,0.335930537,0.201719564,0.174857375,0.27996753,0.651841628,0.688480227,0.674908304
9/11/2020,Friday,Weekday,6113,98,0.016031408,4,2,5,3434,3206,6640,0.699258492,0.328873773,0.314737419,0.201719564,0.350096937,0.27996753,0.573144723,0.628199933,0.604925947
9/12/2020,Saturday,Weekend,4701,79,0.016804935,3,0,5,1623,1171,2794,0.547502308,0.297356464,0.318261331,0.175751666,0.174857375,0.27996753,0.103657595,0.140273501,0.117632912
9/13/2020,Sunday,Weekend,3297,51,0.015468608,0,1,4,1470,956,2426,0.389248034,0.253611639,0.312184038,0.111189895,0.25459459,0.265657623,0.083318254,0.109788078,0.092430812
9/14/2020,Monday,Weekday,3404,57,0.016745006,4,0,4,3129,3026,6155,0.401004901,0.262693263,0.317987721,0.201719564,0.174857375,0.265657623,0.476461733,0.580319122,0.533028493
9/15/2020,Tuesday,Weekday,3909,72,0.018419033,2,3,4,3330,3316,6646,0.457535458,0.286102853,0.325667486,0.152007919,0.456198029,0.265657623,0.540376858,0.656562433,0.605798545
9/16/2020,Wednesday,Weekday,5925,97,0.016371308,5,2,4,3357,3212,6569,0.680330452,0.327181603,0.316283828,0.229858637,0.350096937,0.265657623,0.548919537,0.629766721,0.594561364
9/17/2020,Thursday,Weekday,5803,98,0.016887817,2,0,4,3424,3346,6770,0.667786873,0.328873773,0.318639895,0.152007919,0.174857375,0.265657623,0.570012141,0.664154845,0.62370739
9/18/2020,Friday,Weekday,5350,93,0.017383178,3,1,4,3681,3264,6945,0.619644104,0.320448666,0.320906406,0.175751666,0.25459459,0.265657623,0.648590582,0.643252945,0.648527295
9/19/2020,Saturday,Weekend,4649,87,0.018713702,5,0,4,3251,1665,4916,0.541619722,0.310459669,0.327027122,0.229858637,0.174857375,0.265657623,0.51528886,0.230336733,0.350040883
9/20/2020,Sunday,Weekend,3737,56,0.014985282,5,3,4,2806,1400,4206,0.438124895,0.261168186,0.3099984,0.229858637,0.456198029,0.265657623,0.375688598,0.178563638,0.256733564
9/21/2020,Monday,Weekday,2565,38,0.014814815,9,1,4,3422,3125,6547,0.312011612,0.234515079,0.309229126,0.361451052,0.25459459,0.265657623,0.569385088,0.606850145,0.591335929
9/22/2020,Tuesday,Weekday,5636,86,0.015259049,7,0,4,3806,3282,7088,0.650309655,0.30880808,0.311235578,0.292207339,0.174857375,0.265657623,0.684841693,0.647880834,0.668354148
9/23/2020,Wednesday,Weekday,6754,119,0.017619189,2,0,4,2000,3267,5267,0.759650594,0.365173619,0.321988627,0.152007919,0.174857375,0.265657623,0.168503266,0.644025748,0.400287873
9/24/2020,Thursday,Weekday,6492,108,0.01663586,12,1,4,3517,3132,6649,0.735789133,0.345983782,0.317489662,0.47367471,0.25459459,0.265657623,0.598949466,0.608708964,0.606234646
9/25/2020,Friday,Weekday,6395,125,0.019546521,7,0,4,3641,3253,6894,0.726658514,0.3757886,0.330882228,0.292207339,0.174857375,0.265657623,0.636678256,0.640414324,0.641353752
9/26/2020,Saturday,Weekend,5278,106,0.020083365,1,1,4,3134,1592,4726,0.611795169,0.342535128,0.333376845,0.130497587,0.25459459,0.265657623,0.478051133,0.215295362,0.323838318
9/27/2020,Sunday,Weekend,3948,80,0.020263425,6,0,6,2748,1403,4151,0.461952517,0.298980491,0.334215209,0.260069849,0.174857375,0.294641138,0.358259847,0.179105374,0.250083307
9/28/2020,Monday,Weekday,2893,65,0.022468026,3,1,6,3590,3291,6881,0.345845508,0.275055705,0.344545922,0.175751666,0.25459459,0.294641138,0.621297602,0.650186641,0.639517077
9/29/2020,Tuesday,Weekday,5835,155,0.026563839,6,1,6,3796,3475,7271,0.671095961,0.430129695,0.364044765,0.260069849,0.25459459,0.294641138,0.682000493,0.696013161,0.693048667
9/30/2020,Wednesday,Weekday,7292,203,0.027838727,6,1,6,3757,3428,7185,0.804746399,0.519453591,0.370189505,0.260069849,0.25459459,0.294641138,0.670818389,0.684560897,0.681543625
10/1/2020,Thursday,Weekday,7251,193,0.026617018,10,5,6,3769,3246,7015,0.801502027,0.500775328,0.364300396,0.398048924,0.670055769,0.294641138,0.674275946,0.638603875,0.658287376
10/2/2020,Friday,Weekday,6429,179,0.027842588,4,1,6,3947,3269,7216,0.729876649,0.474632079,0.370208165,0.201719564,0.25459459,0.294641138,0.723681769,0.644540621,0.685711779
10/3/2020,Saturday,Weekend,5872,117,0.019925068,6,1,6,2366,760,3126,0.67490543,0.361657666,0.332640496,0.260069849,0.25459459,0.294641138,0.252069914,0.086426832,0.144237425
10/4/2020,Sunday,Weekend,5608,127,0.02264622,6,0,5,2573,1354,3927,0.647346648,0.37934838,0.345386148,0.260069849,0.174857375,0.27996753,0.307558616,0.170386575,0.223969659
10/5/2020,Monday,Weekday,3624,89,0.024558499,8,4,5,3384,3293,6677,0.425450214,0.31377431,0.354450263,0.326079364,0.565537921,0.27996753,0.557439618,0.650698295,0.610298426
10/6/2020,Tuesday,Weekday,7613,139,0.018258242,11,4,5,3578,3372,6950,0.829018961,0.400912442,0.324926555,0.435567062,0.565537921,0.27996753,0.617649487,0.67068131,0.649227794
10/7/2020,Wednesday,Weekday,9733,180,0.018493784,7,3,5,3759,3240,6999,0.940055513,0.476497169,0.326012177,0.292207339,0.456198029,0.27996753,0.671395674,0.637049585,0.656065525
10/8/2020,Thursday,Weekday,9553,209,0.021877944,5,2,5,3776,3348,7124,0.933693428,0.5306427,0.34176903,0.229858637,0.350096937,0.27996753,0.676285977,0.664658674,0.673274731
10/9/2020,Friday,Weekday,9187,169,0.018395559,3,1,5,3767,3176,6943,0.919159178,0.456018455,0.325559273,0.175751666,0.25459459,0.27996753,0.673700716,0.620334582,0.648246954
10/10/2020,Saturday,Weekend,5938,155,0.026103065,10,1,5,3242,1589,4831,0.681655304,0.430129695,0.361832392,0.398048924,0.25459459,0.27996753,0.512425013,0.214689666,0.338221029
10/11/2020,Sunday,Weekend,4417,79,0.017885443,5,0,4,2546,1242,3788,0.515281216,0.297356464,0.323211341,0.229858637,0.174857375,0.265657623,0.300024067,0.151497844,0.208576821
10/12/2020,Monday,Weekday,7145,116,0.016235129,5,3,4,3428,3269,6697,0.792964719,0.359904039,0.315663881,0.229858637,0.456198029,0.265657623,0.571265714,0.644540621,0.613193789
10/13/2020,Tuesday,Weekday,8137,190,0.023350129,6,1,4,3887,3477,7364,0.86429462,0.495169653,0.348712675,0.260069849,0.25459459,0.265657623,0.70744221,0.696496358,0.705279403
10/14/2020,Wednesday,Weekday,8884,153,0.017221972,13,0,4,3772,3318,7090,0.905404609,0.42645305,0.320168076,0.512024981,0.174857375,0.265657623,0.675138013,0.657070606,0.668628287
10/15/2020,Thursday,Weekday,8371,185,0.022100108,5,0,4,3725,3340,7065,0.878312347,0.485829527,0.342813523,0.229858637,0.174857375,0.265657623,0.661527202,0.66264159,0.665195096
10/16/2020,Friday,Weekday,7167,207,0.028882378,12,0,4,3810,3262,7072,0.794754259,0.526915247,0.375244577,0.47367471,0.174857375,0.265657623,0.685975131,0.642737417,0.666157798
10/17/2020,Saturday,Weekend,6575,156,0.023726236,5,1,4,3364,1665,5029,0.743476703,0.431970312,0.350494874,0.229858637,0.25459459,0.265657623,0.551130774,0.230336733,0.365980319
10/18/2020,Sunday,Weekend,4911,111,0.022602321,6,2,4,2707,1222,3929,0.57113994,0.351180725,0.345179085,0.260069849,0.350096937,0.265657623,0.346112877,0.148277291,0.224195748
10/19/2020,Monday,Weekday,3233,85,0.02629137,11,2,4,3356,3142,6498,0.382263296,0.307160348,0.362735974,0.435567062,0.350096937,0.265657623,0.548603521,0.611360108,0.584130042
10/20/2020,Tuesday,Weekday,10278,184,0.017902316,12,1,4,3699,3357,7056,0.956436926,0.483962271,0.323288891,0.47367471,0.25459459,0.265657623,0.653904699,0.66692223,0.66395574
10/21/2020,Wednesday,Weekday,7952,192,0.024144869,4,3,4,3687,3267,6954,0.852457035,0.498906732,0.352482465,0.201719564,0.456198029,0.265657623,0.650365246,0.644025748,0.649787828
10/22/2020,Thursday,Weekday,9908,284,0.028663706,8,1,4,3931,3191,7122,0.945772484,0.665738705,0.374183601,0.326079364,0.25459459,0.265657623,0.719394739,0.624273712,0.673002144
10/23/2020,Friday,Weekday,7084,214,0.030208922,12,2,4,3921,3130,7051,0.787954774,0.539948883,0.381700837,0.47367471,0.350096937,0.265657623,0.716699102,0.608178124,0.663266437
10/24/2020,Saturday,Weekend,7128,220,0.030864198,3,3,4,3377,1647,5024,0.791575591,0.551087038,0.384902362,0.175751666,0.456198029,0.265657623,0.555233095,0.226574262,0.36526988
10/25/2020,Sunday,Weekend,5449,151,0.027711507,2,1,5,2988,1276,4264,0.630355847,0.422782785,0.369574803,0.152007919,0.25459459,0.27996753,0.431888271,0.157078765,0.263845013
10/26/2020,Monday,Weekday,3657,90,0.024610336,9,1,5,3428,2981,6409,0.429144318,0.315437307,0.35469715,0.361451052,0.25459459,0.27996753,0.571265714,0.568129903,0.570970819
10/27/2020,Tuesday,Weekday,10219,280,0.027399941,10,2,5,3729,3256,6985,0.954859793,0.658891982,0.368070799,0.398048924,0.350096937,0.27996753,0.662694139,0.64118927,0.654116971
10/28/2020,Wednesday,Weekday,8639,295,0.034147471,7,2,5,3735,3450,7185,0.893078197,0.684279362,0.401057931,0.292207339,0.350096937,0.27996753,0.66444161,0.689944518,0.681543625
10/29/2020,Thursday,Weekday,8999,428,0.04756084,16,1,5,3857,3648,7505,0.910815217,0.864911553,0.468540096,0.625020688,0.25459459,0.27996753,0.699159483,0.736473389,0.723381278
10/30/2020,Friday,Weekday,8432,292,0.034629981,8,1,5,3995,3152,7147,0.88179309,0.679266113,0.403447213,0.326079364,0.25459459,0.27996753,0.736346794,0.614006075,0.6764028
10/31/2020,Saturday,Weekend,7421,275,0.037057,7,1,5,3199,1682,4881,0.814742257,0.650259674,0.415518242,0.292207339,0.25459459,0.27996753,0.498735915,0.233922028,0.345155476
11/1/2020,Sunday,Weekend,6250,293,0.04688,10,0,4,2644,1483,4127,0.712724656,0.680940891,0.4650759,0.398048924,0.174857375,0.265657623,0.327756373,0.193931315,0.247210279
11/2/2020,Monday,Weekday,3772,166,0.044008484,12,2,4,3518,3249,6767,0.442064223,0.450451268,0.45049745,0.47367471,0.350096937,0.265657623,0.599257988,0.639380164,0.623277068
11/3/2020,Tuesday,Weekday,9797,378,0.03858324,13,1,4,3535,3421,6956,0.942198715,0.807429068,0.423150965,0.512024981,0.25459459,0.265657623,0.604493247,0.682839604,0.650067723
11/4/2020,Wednesday,Weekday,9304,440,0.047291488,13,1,4,3355,3165,6520,0.924045956,0.876743747,0.467169298,0.512024981,0.25459459,0.265657623,0.548287473,0.617437902,0.587368992
11/5/2020,Thursday,Weekday,10605,591,0.05572843,11,1,4,3850,3334,7184,0.96438951,0.968988252,0.510208538,0.435567062,0.25459459,0.265657623,0.69721173,0.6611257,0.681408781
11/6/2020,Friday,Weekday,9918,570,0.057471264,21,1,4,3733,3047,6780,0.946085665,0.961450005,0.519100946,0.788030423,0.25459459,0.265657623,0.663859513,0.585981899,0.625140683
11/7/2020,Saturday,Weekend,7584,400,0.052742616,24,1,4,3244,1658,4902,0.826908906,0.834351975,0.494964761,0.861736243,0.25459459,0.265657623,0.513061484,0.228869414,0.348083686
11/8/2020,Sunday,Weekend,6003,322,0.053639847,23,0,6,2914,1366,4280,0.688244492,0.727797069,0.499545725,0.839394097,0.174857375,0.294641138,0.408801681,0.172496242,0.265824319
11/9/2020,Monday,Weekday,5171,337,0.065171147,27,3,6,3416,3614,7030,0.600046852,0.750613684,0.558214306,0.915697541,0.456198029,0.294641138,0.567502887,0.728743336,0.660365394
11/10/2020,Tuesday,Weekday,9123,467,0.051189302,18,3,6,3689,3389,7078,0.91638752,0.900660911,0.487035969,0.695345031,0.456198029,0.294641138,0.650956073,0.674920823,0.666982101
11/11/2020,Wednesday,Weekday,10294,712,0.069166505,21,1,6,3524,2958,6482,0.95685687,0.99251031,0.578312189,0.788030423,0.25459459,0.294641138,0.601107816,0.561873951,0.581770834
11/12/2020,Thursday,Weekday,13475,688,0.051057514,17,1,6,3768,3344,7112,0.995642335,0.989842108,0.486363458,0.660883778,0.25459459,0.294641138,0.673988383,0.663650721,0.671637829
11/13/2020,Friday,Weekday,10256,738,0.071957878,33,1,6,3838,3181,7019,0.955854123,0.994685393,0.592236784,0.974637251,0.25459459,0.294641138,0.693859659,0.621649036,0.658841986
11/14/2020,Saturday,Weekend,9421,585,0.062095319,29,2,6,2948,1793,4741,0.928704492,0.966970599,0.542636343,0.941683618,0.350096937,0.294641138,0.419374857,0.25807528,0.325877588
11/15/2020,Sunday,Weekend,7502,537,0.071580912,25,2,8,2573,1285,3858,0.820853243,0.946649274,0.590362689,0.881859864,0.350096937,0.325003215,0.307558616,0.158578419,0.216249294
11/16/2020,Monday,Weekday,7075,524,0.074063604,28,4,8,3242,3119,6361,0.787209647,0.9397057,0.602665499,0.92960867,0.565537921,0.325003215,0.512425013,0.605254929,0.563839842
11/17/2020,Tuesday,Weekday,10444,641,0.061374952,30,2,8,3299,3202,6501,0.960636824,0.982149726,0.538977552,0.952068309,0.350096937,0.325003215,0.530545797,0.627154224,0.584572059
11/18/2020,Wednesday,Weekday,10721,758,0.07070236,35,1,8,3424,3267,6691,0.966907347,0.995955542,0.585987004,0.984069873,0.25459459,0.325003215,0.570012141,0.644025748,0.612325833
11/19/2020,Thursday,Weekday,14330,884,0.061688765,24,4,8,3271,3267,6538,0.997928075,0.99939921,0.540571852,0.861736243,0.565537921,0.325003215,0.521649925,0.644025748,0.590014635
11/20/2020,Friday,Weekday,11775,784,0.066581741,31,2,8,3587,3142,6729,0.983738649,0.997198188,0.565329931,0.960917168,0.350096937,0.325003215,0.620386572,0.611360108,0.617813232
11/21/2020,Saturday,Weekend,13273,830,0.062532962,25,7,8,3029,1662,4691,0.994846893,0.998584772,0.544857416,0.881859864,0.83894987,0.325003215,0.444785732,0.229707239,0.319100621
11/22/2020,Sunday,Weekend,11113,599,0.053900837,22,7,5,2238,1159,3397,0.974353733,0.971518771,0.500878293,0.814817087,0.83894987,0.27996753,0.220606143,0.138433717,0.168756871
11/23/2020,Monday,Weekday,8012,561,0.07001997,34,2,5,3281,3182,6463,0.856369772,0.95779132,0.582580906,0.979816669,0.350096937,0.27996753,0.524828492,0.621911759,0.578965456
11/24/2020,Tuesday,Weekday,12861,883,0.068657181,20,2,5,3497,3092,6589,0.992813784,0.999389269,0.575760313,0.759104075,0.350096937,0.27996753,0.592766303,0.598054964,0.597488021
11/25/2020,Wednesday,Weekday,12558,660,0.05255614,25,3,5,3389,3140,6529,0.99089589,0.98571304,0.494012737,0.881859864,0.456198029,0.27996753,0.559014619,0.610830289,0.588692318
11/26/2020,Thursday,Weekday,11278,706,0.062599752,26,6,5,1631,963,2594,0.977038868,0.991908764,0.54519626,0.899818478,0.762729197,0.27996753,0.104812446,0.110699044,0.103391064
11/27/2020,Friday,Weekday,6649,596,0.089637539,33,1,5,2784,1608,4392,0.75023111,0.970590723,0.677088918,0.974637251,0.25459459,0.27996753,0.369045564,0.218542444,0.279886857
11/28/2020,Saturday,Weekend,6791,550,0.080989545,23,5,5,2553,1411,3964,0.762923134,0.952943411,0.63641533,0.839394097,0.670055769,0.27996753,0.301969443,0.180555053,0.228173238
11/29/2020,Sunday,Weekend,7896,473,0.059903749,26,4,5,2563,1119,3682,0.848741298,0.905480933,0.531495286,0.899818478,0.565537921,0.27996753,0.304758333,0.132420228,0.197269114
11/30/2020,Monday,Weekday,7242,753,0.103976802,27,10,5,3300,2986,6286,0.800785519,0.995666487,0.739918211,0.915697541,0.965259328,0.27996753,0.530863251,0.569487691,0.552656888
12/1/2020,Tuesday,Weekday,7944,637,0.080186304,30,6,5,3278,3132,6410,0.851929992,0.981309859,0.632549436,0.952068309,0.762729197,0.27996753,0.523875078,0.608708964,0.571119143
12/2/2020,Wednesday,Weekday,10821,962,0.088901211,34,11,5,3450,3180,6630,0.968958444,0.999843229,0.67369885,0.979816669,0.981705425,0.27996753,0.578147194,0.621386257,0.603470447
12/3/2020,Thursday,Weekday,9162,786,0.085789129,24,9,5,3282,3179,6461,0.918084871,0.997277736,0.659214516,0.861736243,0.938248469,0.27996753,0.525146265,0.621123422,0.578669917
12/4/2020,Friday,Weekday,12113,894,0.073805003,33,10,5,4072,3048,7120,0.987270803,0.999490709,0.601388547,0.974637251,0.965259328,0.27996753,0.756026316,0.58625112,0.672729466
12/5/2020,Saturday,Weekend,9343,730,0.078133362,27,6,5,3140,1730,4870,0.925623884,0.9940852,0.622608493,0.915697541,0.762729197,0.27996753,0.479958873,0.244210169,0.34362533
12/6/2020,Sunday,Weekend,9096,542,0.059586631,22,3,5,2345,1205,3550,0.915197041,0.949144803,0.529880936,0.814817087,0.456198029,0.27996753,0.246750707,0.145576089,0.183718183
12/7/2020,Monday,Weekday,8823,656,0.074351128,33,11,5,3289,3197,6486,0.902438224,0.98501853,0.604083976,0.974637251,0.981705425,0.27996753,0.527370218,0.625845771,0.582360916
12/8/2020,Tuesday,Weekday,8832,818,0.092617754,24,8,5,3355,3098,6453,0.902880127,0.998301743,0.690657796,0.861736243,0.897098942,0.27996753,0.548287473,0.599657929,0.577487319
12/9/2020,Wednesday,Weekday,10139,838,0.082651149,43,7,5,3479,3099,6578,0.952648276,0.998748779,0.644368084,0.99822508,0.83894987,0.27996753,0.587181575,0.599924927,0.595879024
12/10/2020,Thursday,Weekday,10651,704,0.06609708,34,10,5,3503,3271,6774,0.965406142,0.991699019,0.562887365,0.979816669,0.965259328,0.27996753,0.594623756,0.645055231,0.624280913
12/11/2020,Friday,Weekday,9300,746,0.080215054,35,10,5,3802,3140,6942,0.923882687,0.995230802,0.632688039,0.984069873,0.965259328,0.27996753,0.683706513,0.610830289,0.648106754
12/12/2020,Saturday,Weekend,8850,578,0.065310734,26,6,5,3336,1671,5007,0.903759523,0.964481221,0.558919321,0.899818478,0.762729197,0.27996753,0.542276984,0.23159861,0.362857859
12/13/2020,Sunday,Weekend,8487,570,0.067161541,34,11,4,2371,1213,3584,0.884870586,0.961450005,0.568248695,0.979816669,0.981705425,0.265657623,0.25334525,0.146843093,0.187151895
12/14/2020,Monday,Weekday,4681,318,0.067934202,33,6,4,3387,3107,6494,0.545240937,0.721542011,0.572132525,0.974637251,0.762729197,0.265657623,0.558384729,0.602059223,0.583540521
12/15/2020,Tuesday,Weekday,11136,591,0.053071121,33,9,4,5334,5536,10870,0.974743103,0.968988252,0.496641953,0.974637251,0.938248469,0.265657623,0.955508411,0.973634352,0.968854255
12/16/2020,Wednesday,Weekday,12949,624,0.048189049,24,12,4,3699,3331,7030,0.993299456,0.978344366,0.471738621,0.861736243,0.990993748,0.265657623,0.653904699,0.660366773,0.660365394
12/17/2020,Thursday,Weekday,12546,703,0.056033796,22,6,4,3743,3221,6964,0.990811476,0.991592367,0.511767088,0.814817087,0.762729197,0.265657623,0.666766045,0.632112865,0.651186486
12/18/2020,Friday,Weekday,11512,642,0.055767894,22,5,4,3865,3185,7050,0.98043795,0.98235459,0.510409969,0.814817087,0.670055769,0.265657623,0.701378538,0.622699588,0.663128511
12/19/2020,Saturday,Weekend,10998,533,0.048463357,22,12,4,2799,1602,4401,0.97233074,0.944583779,0.473135841,0.814817087,0.990993748,0.265657623,0.373570798,0.217321497,0.281032354
12/20/2020,Sunday,Weekend,9405,423,0.044976077,25,6,4,2700,1175,3875,0.928080693,0.859758705,0.455403375,0.881859864,0.762729197,0.265657623,0.344054325,0.140890437,0.218136974
12/21/2020,Monday,Weekday,5916,234,0.039553753,32,13,4,3383,3151,6534,0.679411896,0.576905225,0.428019737,0.968387957,0.995859625,0.265657623,0.557124507,0.613741714,0.589427064
12/22/2020,Tuesday,Weekday,12598,622,0.049372916,33,11,4,4192,3258,7450,0.991172384,0.977854589,0.477771066,0.974637251,0.981705425,0.265657623,0.785046226,0.641705578,0.716385367
12/23/2020,Wednesday,Weekday,14942,604,0.040422969,22,6,4,4155,3089,7244,0.998823508,0.973011317,0.43238968,0.814817087,0.762729197,0.265657623,0.7763189,0.597252861,0.689456336
12/24/2020,Thursday,Weekday,11835,610,0.051542036,26,13,4,3166,2215,5381,0.984420947,0.974715632,0.488836143,0.899818478,0.995859625,0.265657623,0.48823049,0.360287867,0.417016177
12/25/2020,Friday,Weekday,3687,232,0.062923786,31,5,4,1495,725,2220,0.432507997,0.573234405,0.546839701,0.960917168,0.670055769,0.265657623,0.086419218,0.082678738,0.080195053
12/26/2020,Saturday,Weekend,3177,160,0.050361977,20,2,4,2465,1175,3640,0.376182835,0.439347169,0.482814833,0.759104075,0.350096937,0.265657623,0.277938078,0.140890437,0.192893274
12/27/2020,Sunday,Weekend,6411,415,0.064732491,19,9,4,2353,1099,3452,0.728175293,0.85123964,0.555997597,0.728154548,0.938248469,0.265657623,0.248769958,0.129481989,0.174042484
12/28/2020,Monday,Weekday,4763,358,0.075162713,22,5,4,3662,2743,6405,0.554502449,0.780766251,0.608080384,0.814817087,0.670055769,0.265657623,0.642949572,0.502855406,0.570377422
12/29/2020,Tuesday,Weekday,11255,697,0.061928032,23,14,4,3380,2776,6156,0.976679407,0.990926843,0.541786992,0.839394097,0.998224091,0.265657623,0.556178961,0.511950697,0.533178695
12/30/2020,Wednesday,Weekday,12656,710,0.056099874,34,9,4,3386,2792,6178,0.991560223,0.992314324,0.512104319,0.979816669,0.938248469,0.265657623,0.558069729,0.516358591,0.536481894
12/31/2020,Thursday,Weekday,11360,719,0.063292254,27,9,4,3317,2381,5698,0.978282668,0.99316203,0.548707521,0.915697541,0.938248469,0.265657623,0.53625681,0.404008983,0.464235012
